YEAR,WEEK,% WEIGHTED ILI,REGIONAL ILI BASELINE,Precip,Temp,Temp_off
2003,40,0.1,0.78220271,27.18804656,25.54008399,-3.884154314
2003,41,0.110437,0.78220271,21.44703587,19.89320284,-4.61823871
2003,42,0.125373514,0.78220271,21.17452646,19.92368929,0.681644815
2003,43,0.146138639,0.78220271,14.36710539,13.43824828,-0.254459698
2003,44,0.174639115,0.78220271,9.415201514,8.621108593,0.67694303
2003,45,0.213578016,0.78220271,2.732622272,1.683581197,-0.396467684
2003,46,0.266756961,0.78220271,13.1838368,11.31122722,15.12555623
2003,47,0.339482972,0.78220271,3.96662644,0.564536561,10.2177514
2003,48,0.439097021,0.78220271,-0.529721581,-6.248272224,9.103390363
2003,49,0.575624938,0.78220271,7.517184928,-1.319746233,19.50702319
2003,50,0.762511207,0.78220271,9.536964804,-3.164750643,22.8341311
2003,51,1.017314519,0.78220271,15.36302026,-1.8255769,28.96717709
2003,52,1.362098023,0.78220271,5.190758096,-16.92128058,18.2173628
2003,53,1.823018285,0.78220271,8.977365301,-18.26076323,20.71256128
2004,1,2.428317091,0.78220271,11.751259,-20.55043326,21.69057595
2004,2,3.2036511,0.78220271,14.78443818,-22.24181155,22.65234661
2004,3,4.163737438,0.78220271,17.3505433,-23.79462542,23.09954708
2004,4,5.30017231,0.78220271,19.70395838,-24.71830168,23.49365369
2004,5,6.567594861,0.78220271,29.69894824,-16.97115437,31.85718088
2004,6,7.874075351,0.78220271,19.50806615,-28.25650776,20.47783709
2004,7,9.084734852,0.78220271,20.71650901,-26.93786902,20.99348255
2004,8,10.04579774,0.78220271,24.76588016,-21.59889959,24.83213802
2004,9,10.62603807,0.78220271,25.25466265,-18.74057571,25.51465431
2004,10,10.75815069,0.78220271,13.33775792,-27.37338639,14.06219676
2004,11,10.45733211,0.78220271,11.870769,-24.85958566,13.15353246
2004,12,9.807307905,0.78220271,14.12298981,-18.18266761,15.85495845
2004,13,8.925148689,0.78220271,13.81363411,-13.89099913,15.67594456
2004,14,7.925973219,0.78220271,5.050128797,-18.13846912,6.527642828
2004,15,6.90159279,0.78220271,-2.697493309,-21.68987518,-2.283445487
2004,16,5.914551694,0.78220271,11.86659443,-3.440033305,10.42438317
2004,17,5.001784945,0.78220271,10.18241997,-2.081650211,6.03904907
2004,18,4.181628382,0.78220271,-0.014617304,-9.945539631,-7.686700085
2004,19,3.460413917,0.78220271,4.541368216,-3.762690236,-7.398572745
2004,20,2.837294194,0.78220271,-1.914166177,-9.228356805,-18.70606539
2004,21,2.30730095,0.78220271,12.26494005,5.430211488,-9.75143842
2004,22,1.863131081,0.78220271,20.31391303,13.61838248,-7.046341241
2004,23,1.496181515,0.78220271,6.964796645,0.26445721,-25.5827033
2004,24,1.197209801,0.78220271,13.97067043,7.324284007,-23.3292805
2004,25,0.956830877,0.78220271,16.96870747,10.62424494,-24.38976569
2004,26,0.765932743,0.78220271,18.46899026,12.8312705,-26.03379117
2004,27,0.616020052,0.78220271,12.65864989,8.241077334,-33.90961402
2004,28,0.499467977,0.78220271,25.4504208,22.81510266,-22.00799659
2004,29,0.40967244,0.78220271,14.5670514,14.25859317,-32.58481314
2004,30,0.341099207,0.78220271,20.6021869,23.08103064,-25.10118984
2004,31,0.289250168,0.78220271,21.54053202,27.1217688,-21.69829544
2004,32,0.250573778,0.78220271,14.96210366,23.76525292,-24.98240514
2004,33,0.222347487,0.78220271,17.54115401,29.45549525,-18.51056006
2004,34,0.202555477,0.78220271,10.0737166,24.74245931,-21.74416768
2004,35,0.189778439,0.78220271,4.321486638,21.146482,-23.18441432
2004,36,0.183105973,0.78220271,8.608607117,26.77557326,-14.75465229
2004,37,0.182077841,0.78220271,1.668583745,20.19108201,-17.93427773
2004,38,0.186658124,0.78220271,11.9356587,29.71446712,-4.451366832
2004,39,0.200755281,0.78220271,3.054707768,18.94792512,-10.76132755
2004,40,0.219070175,0.7577,8.315832814,21.21412238,-3.606329255
2004,41,0.242435757,0.7577,6.739164758,15.64009095,-3.930463773
2004,42,0.27192111,0.7577,-7.04981101,-2.97435073,-17.01028982
2004,43,0.308881945,0.7577,3.860102684,2.51140997,-5.785714151
2004,44,0.355019228,0.7577,11.46544673,4.361625718,1.924025791
2004,45,0.412443956,0.7577,17.61577728,4.71201852,8.169405774
2004,46,0.483743557,0.7577,7.274070185,-11.1910787,-1.889003441
2004,47,0.572041529,0.7577,25.84632743,2.317954743,17.32938842
2004,48,0.681036295,0.7577,19.38693277,-8.489489417,12.01291154
2004,49,0.814997697,0.7577,19.22112682,-12.12903855,13.56605417
2004,50,0.978690349,0.7577,14.94044985,-18.91830988,11.59565416
2004,51,1.177183456,0.7577,14.36112999,-21.02324841,13.86566001
2004,52,1.41549955,0.7577,20.09533859,-15.88555395,22.87072383
2005,1,1.698055074,0.7577,19.96806872,-15.7985937,26.26121467
2005,2,2.027861623,0.7577,4.16589704,-30.74618778,14.00525159
2005,3,2.405497351,0.7577,6.727771074,-26.89521309,19.89679899
2005,4,2.827930764,0.7577,11.62832922,-20.49295351,27.65888608
2005,5,3.287382069,0.7577,4.226315273,-26.39829552,22.41284317
2005,6,3.77051951,0.7577,15.41013377,-13.91646933,34.84384835
2005,7,4.258362823,0.7577,9.614758445,-18.76480659,29.23530935
2005,8,4.727236496,0.7577,5.978323121,-21.90266386,24.63892926
2005,9,5.150925013,0.7577,3.484673555,-24.38038139,20.02558687
2005,10,5.503834438,0.7577,6.122277871,-22.17760043,19.44671071
2005,11,5.764563923,0.7577,3.160099352,-25.93056767,12.30652252
2005,12,5.919025034,0.7577,12.32689663,-17.76168651,16.53189727
2005,13,5.962287838,0.7577,19.40715433,-11.69735202,18.1538113
2005,14,5.898709018,0.7577,20.32646188,-11.60007184,13.37438671
2005,15,5.740446113,0.7577,13.5850429,-18.75467026,0.979747094
2005,16,5.504923384,0.7577,11.90594841,-20.24036854,-6.033095014
2005,17,5.211998758,0.7577,21.20981794,-9.975094427,-1.501656708
2005,18,4.881471394,0.7577,24.98052744,-4.366056371,-1.749728747
2005,19,4.531291744,0.7577,29.72326784,3.136369165,-0.142476478
2005,20,4.176549274,0.7577,15.72546484,-7.207101101,-16.33341831
2005,21,3.829118432,0.7577,22.70353267,4.221349791,-10.6196664
2005,22,3.497762727,0.7577,19.94646185,6.545498878,-13.79430443
2005,23,3.18850058,0.7577,22.15795404,14.24810802,-11.29457242
2005,24,2.905081974,0.7577,13.18854367,10.91867804,-19.45527642
2005,25,2.649478648,0.7577,8.653801617,11.89075116,-22.87258729
2005,26,2.422335127,0.7577,2.034640874,10.36321134,-28.2837629
2005,27,2.22335826,0.7577,2.951901717,15.69602776,-26.27233369
2005,28,2.051640616,0.7577,2.12889388,18.39237064,-26.28680885
2005,29,1.905922029,0.7577,14.85811498,33.58170088,-13.1582896
2005,30,1.784797192,0.7577,15.33961353,35.36995161,-12.75086149
2005,31,1.68687826,0.7577,3.110699983,23.27553503,-25.52602367
2005,32,1.610921261,0.7577,0.328063603,19.51172472,-29.26059885
2005,33,1.555924546,0.7577,-2.086498207,15.12661685,-32.90691617
2005,34,1.521206745,0.7577,13.02438773,27.46229798,-19.13363726
2005,35,1.506470812,0.7577,7.886321388,18.97162789,-25.50881694
2005,36,1.511859619,0.7577,27.62199501,35.02801305,-6.689825607
2005,37,1.538007172,0.7577,14.35993167,18.01344017,-20.3348678
2005,38,1.58608764,0.7577,21.44396991,21.50738526,-12.91348855
2005,39,1.582506365,0.7577,41.37391817,38.2087473,8.216073569
2005,40,1.656030556,0.88594986,17.42462512,11.53961723,-13.58851339
2005,41,1.813002312,0.88594986,24.31157146,16.30025771,-3.59775769
2005,42,2.069648667,0.88594986,16.21826024,6.691441109,-7.68697636
2005,43,2.453478245,0.88594986,21.73066856,11.24980409,2.600166378
2005,44,3.005413719,0.88594986,13.27511069,2.292458665,-0.50256158
2005,45,3.781643386,0.88594986,15.28492905,4.095668365,7.195928435
2005,46,4.852842683,0.88594986,10.51069495,-0.778780993,8.171655814
2005,47,6.295942907,0.88594986,3.260338877,-8.224504263,6.445895456
2005,48,8.170298408,0.88594986,6.737484934,-5.232103109,14.94482984
2005,49,10.46882547,0.88594986,9.677250096,-3.233895099,22.15603059
2005,50,13.04416207,0.88594986,11.42676513,-3.006218345,27.2273193
2005,51,15.54325488,0.88594986,-3.862860531,-20.46408413,14.17321827
2005,52,17.43508044,0.88594986,2.141031193,-17.27518975,21.2619628
2006,1,18.21296233,0.88594986,10.38641403,-12.42345187,29.4529
2006,2,17.69404815,0.88594986,0.928821646,-25.72004689,18.88627368
2006,3,16.14357782,0.88594986,-3.682879897,-34.42666608,12.26067614
2006,4,14.07792892,0.88594986,7.081083775,-27.78197992,20.30716152
2006,5,11.96180855,0.88594986,9.830062332,-28.92086681,19.87045759
2006,6,10.06137315,0.88594986,17.66861988,-24.47903745,24.30463807
2006,7,8.465812594,0.88594986,17.80311722,-27.00739199,21.0589141
2006,8,7.164014547,0.88594986,22.79368162,-23.73991125,22.90974137
2006,9,6.105555436,0.88594986,20.60925538,-26.55572256,17.99860248
2006,10,5.233531897,0.88594986,24.85550166,-21.76412005,20.04668679
2006,11,4.498203182,0.88594986,20.57526689,-24.31174703,14.14726459
2006,12,3.861037389,0.88594986,26.98174176,-15.0511458,19.49655655
2006,13,3.294800521,0.88594986,15.29215267,-22.90268676,7.231095272
2006,14,2.782251705,0.88594986,17.87466232,-15.69755076,9.583915028
2006,15,2.314375282,0.88594986,9.15062694,-19.26045011,0.80089655
2006,16,1.888393165,0.88594986,11.71989429,-11.26564634,3.2837223
2006,17,1.505613174,0.88594986,7.742175771,-9.834779093,-1.009057363
2006,18,1.169214086,0.88594986,-2.716851901,-15.16957341,-12.19589802
2006,19,0.882185549,0.88594986,3.325674455,-4.52078782,-7.442420752
2006,20,0.645719786,0.88594986,9.045190517,5.10400703,-3.670429371
2006,21,0.458320311,0.88594986,6.480943875,5.624127962,-8.875458593
2006,22,0.315736211,0.88594986,4.558439397,5.915300649,-14.09849142
2006,23,0.2116054,0.88594986,-0.577582274,2.143776796,-23.09305373
2006,24,0.138500405,0.88594986,13.41525085,16.73987944,-13.35283603
2006,25,0.089005953,0.88594986,10.60896084,13.91963631,-20.59116563
2006,26,0.056537698,0.88594986,10.83334483,13.69790451,-24.72890968
2006,27,0.0357757,0.88594986,24.17382685,26.3679156,-15.41586522
2006,28,0.022743844,0.88594986,14.73685951,16.24664906,-28.28621455
2006,29,0.014655068,0.88594986,22.25102211,23.25590876,-23.37815925
2006,30,0.009654176,0.88594986,28.63900608,29.47601689,-18.58080814
2006,31,0.006554703,0.88594986,25.95786726,27.07107868,-21.70935727
2006,32,0.004619691,0.88594986,21.28789307,23.16745621,-25.62691722
2006,33,0.003400231,0.88594986,19.77743462,22.89369897,-25.20473575
2006,34,0.002626031,0.88594986,21.94253174,26.68118782,-20.02155673
2006,35,0.002135413,0.88594986,20.42621817,27.03030307,-17.59730481
2006,36,0.001832333,0.88594986,15.23339352,23.75742774,-18.1457867
2006,37,0.001660801,0.88594986,18.83335349,29.1138517,-9.455347911
2006,38,0.001590116,0.88594986,9.07680283,20.72201138,-13.95205631
2006,39,0.001683937,0.88594986,3.372918079,15.77299633,-14.50148998
2006,40,0.001816675,0.90501,7.546882596,19.90400146,-5.530460531
2006,41,0.001996055,0.90501,-7.47525728,3.900869429,-16.32353953
2006,42,0.002232541,0.90501,4.96652953,14.34514772,-0.374977012
2006,43,0.002540103,0.90501,5.80859027,12.16539672,3.163709301
2006,44,0.002937208,0.90501,3.33386793,5.710694977,2.55840431
2006,45,0.003448086,0.90501,0.728487658,-1.695609447,1.047357175
2006,46,0.004104309,0.90501,6.759928869,-1.086423326,7.511895026
2006,47,0.004946731,0.90501,19.26501667,5.623217806,19.95179679
2006,48,0.00602778,0.90501,10.70461767,-8.827061131,11.02332173
2006,49,0.007414086,0.90501,5.549824921,-19.67726967,5.406127331
2006,50,0.009189299,0.90501,23.7003339,-6.750043461,23.20144637
2006,51,0.011456874,0.90501,19.00248196,-15.95309972,18.43073906
2006,52,0.014342393,0.90501,20.10578906,-18.44063035,19.87533026
2007,1,0.017994806,0.90501,16.9186079,-24.17155132,17.51909824
2007,2,0.022585713,0.90501,22.37354651,-20.1528099,24.30599967
2007,3,0.028305586,0.90501,24.68215476,-18.1875573,28.39261125
2007,4,0.035355699,0.90501,16.2375592,-25.96929329,22.05457101
2007,5,0.043934595,0.90501,13.61875287,-27.068577,21.70031646
2007,6,0.054218271,0.90501,19.30450629,-19.20512238,29.59929474
2007,7,0.066334129,0.90501,9.683295392,-26.22008435,21.90983412
2007,8,0.080329975,0.90501,7.396496116,-25.71280309,21.04240723
2007,9,0.09614111,0.90501,2.748058616,-27.61049774,17.08979464
2007,10,0.113560361,0.90501,8.661738634,-19.19157901,22.80348124
2007,11,0.132217372,0.90501,-1.782052532,-27.53216172,11.14670878
2007,12,0.151574007,0.90501,7.293241205,-16.85415555,17.94581259
2007,13,0.170941625,0.90501,7.774286132,-15.30413445,15.11065023
2007,14,0.189523031,0.90501,2.888242104,-19.62163146,5.965485726
2007,15,0.206477364,0.90501,11.60545449,-10.74105834,9.646141753
2007,16,0.221000811,0.90501,14.91042516,-7.530863907,7.35981957
2007,17,0.232411451,0.90501,15.72328305,-6.886824452,2.290707969
2007,18,0.24022414,0.90501,25.85107482,3.201134936,6.531998616
2007,19,0.244202208,0.90501,8.566448586,-13.79227152,-16.35653506
2007,20,0.244376989,0.90501,14.75067236,-6.804630824,-15.22671584
2007,21,0.241032704,0.90501,15.24987428,-4.847885108,-19.00526442
2007,22,0.234661211,0.90501,23.75666108,5.858246136,-13.82846137
2007,23,0.225896605,0.90501,30.78942132,15.85509703,-9.074530143
2007,24,0.215442334,0.90501,30.37034977,19.11810499,-10.69175763
2007,25,0.204002946,0.90501,22.77841775,15.81076831,-18.44564631
2007,26,0.192229572,0.90501,22.46659303,20.20877509,-17.99581823
2007,27,0.180683953,0.90501,14.65661907,17.30707072,-24.28988861
2007,28,0.169821606,0.90501,14.83250101,22.33001296,-22.05414648
2007,29,0.159991567,0.90501,11.51874624,23.52929018,-22.99635438
2007,30,0.151448412,0.90501,3.266312246,19.19092637,-28.79933332
2007,31,0.144371949,0.90501,3.539751606,22.54311298,-26.21358414
2007,32,0.138890562,0.90501,2.94195136,23.99954205,-24.81426443
2007,33,0.135105419,0.90501,9.987953355,31.94817656,-16.21258036
2007,34,0.133113966,0.90501,-1.920553342,19.73580141,-27.07124782
2007,35,0.133032287,0.90501,-6.239271482,13.9283115,-30.84406606
2007,36,0.13501682,0.90501,9.973944708,27.56418704,-14.52215595
2007,37,0.139286505,0.90501,4.431979914,18.51967472,-20.26834808
2007,38,0.146146952,0.90501,9.091504425,18.96882607,-15.95657594
2007,39,0.155921602,0.90501,18.70077777,23.91408102,-6.64059425
2007,40,0.169419533,1.4,13.1675946,13.5342197,-12.20520962
2007,41,0.187427072,1.4,17.74702575,13.35100299,-7.198714896
2007,42,0.21099701,1.4,28.88879951,20.056103,4.995060425
2007,43,0.241522221,1.4,25.23496974,12.49066747,3.137413096
2007,44,0.280828092,1.4,25.71080355,9.721945984,6.21255395
2007,45,0.331285581,1.4,21.87822768,3.387484606,5.773010674
2007,46,0.395944428,1.4,15.63202331,-4.612179756,3.633559016
2007,47,0.47868144,1.4,11.8842443,-9.426596508,4.559393315
2007,48,0.584350661,1.4,15.76429895,-6.047065111,13.4757031
2007,49,0.718909042,1.4,24.07583058,2.163508302,26.9390314
2007,50,0.889471569,1.4,12.27161355,-9.537386845,20.13044889
2007,51,1.104223025,1.4,9.235978935,-12.46997941,21.65855176
2007,52,1.372081994,1.4,7.715613323,-14.08128994,24.01142385
2008,1,1.701984093,1.4,2.351678589,-19.89395731,21.60875409
2008,2,2.101643,1.4,-3.754073841,-26.92379375,17.3851205
2008,3,2.575689448,1.4,16.40481214,-8.223477565,38.24701923
2008,4,3.123219235,1.4,1.536565118,-25.07849445,22.8775172
2008,5,3.735034169,1.4,3.580230028,-25.47692365,23.26692342
2008,6,4.391222274,1.4,-1.800670583,-33.6205511,15.20199025
2008,7,5.06008464,1.4,8.502003321,-26.21506522,21.97588443
2008,8,5.699537524,1.4,11.36172451,-26.16438066,20.69387991
2008,9,6.261705725,1.4,14.21082742,-25.79559141,19.04827106
2008,10,6.700354569,1.4,9.23363539,-32.68621216,9.490849308
2008,11,6.979408915,1.4,29.33502796,-13.71614497,25.18051008
2008,12,7.079871322,1.4,30.84698033,-12.38009859,22.67026904
2008,13,7.002749957,1.4,26.33171798,-16.00020475,14.69395145
2008,14,6.767175248,1.4,17.39982329,-22.91914588,2.972250477
2008,15,6.40482603,1.4,25.65935103,-11.55676722,9.155192945
2008,16,5.952953631,1.4,19.27018545,-13.85543083,1.375768909
2008,17,5.448198726,1.4,16.68561405,-11.5321307,-2.003279775
2008,18,4.922439008,1.4,22.43339882,-0.285587658,3.402285678
2008,19,4.400838957,1.4,6.59507551,-10.30055557,-12.50731219
2008,20,3.901601218,1.4,7.315130655,-3.719034649,-11.78831662
2008,21,3.436723126,1.4,3.616271659,-1.803790541,-15.61820336
2008,22,3.013170765,1.4,5.255838878,4.939121255,-14.4194459
2008,23,2.634095104,1.4,-4.159932015,-0.106200714,-24.72728756
2008,24,2.299905561,1.4,-0.479787499,7.046342547,-22.47906853
2008,25,2.009142233,1.4,6.790596344,16.79388534,-17.20630481
2008,26,1.759153137,1.4,6.537930974,17.99927064,-19.98105291
2008,27,1.54660704,1.4,1.085583104,13.0346371,-28.37326992
2008,28,1.367875489,1.4,11.08949114,22.67071452,-21.56236046
2008,29,1.21931251,1.4,-1.133931105,9.392761935,-37.02196404
2008,30,1.097454255,1.4,12.22917211,21.2212678,-26.69985285
2008,31,0.99915617,1.4,20.32040164,27.52308894,-21.20725454
2008,32,0.921682384,1.4,15.9664901,21.34841903,-27.48220263
2008,33,0.862760351,1.4,21.05719342,24.78875275,-23.43174353
2008,34,0.820612585,1.4,14.55435453,16.96821155,-29.9406321
2008,35,0.793976255,1.4,27.23712697,28.77472705,-16.14001907
2008,36,0.782120208,1.4,13.37907002,14.52798468,-27.73922978
2008,37,0.784867785,1.4,19.83209905,21.05988359,-17.94488222
2008,38,0.802632524,1.4,18.27966453,19.9701752,-15.20468811
2008,39,0.845693263,1.4,17.41229937,19.81020124,-11.02302437
2008,40,0.900055705,1.5,10.19505425,13.36354265,-12.67947361
2008,41,0.967412065,1.5,20.55511857,24.3507397,3.476814951
2008,42,1.049728206,1.5,1.485441572,5.552427835,-9.848724852
2008,43,1.149254873,1.5,7.502966146,11.28782337,1.583503651
2008,44,1.268513553,1.5,-10.29767396,-7.512334614,-11.37863981
2008,45,1.410243051,1.5,3.30851228,4.263457115,6.291414696
2008,46,1.577288418,1.5,5.559641503,3.802699724,11.6954167
2008,47,1.772410103,1.5,-1.853680745,-7.184483346,6.458167248
2008,48,1.997989796,1.5,8.449230615,-1.226355768,17.96775079
2008,49,2.255613309,1.5,8.61716818,-6.016164116,18.45015638
2008,50,2.5455239,1.5,14.39113859,-5.598332879,23.78425768
2008,51,2.86596609,1.5,8.13485237,-17.35312805,16.51826521
2008,52,3.212482765,1.5,10.39547597,-20.45467361,17.41275048
2008,53,3.577285033,1.5,9.097626504,-26.69779664,14.61475083
2009,1,3.948873009,1.5,18.63127601,-21.43131335,22.72532931
2009,2,4.312122164,1.5,15.22611312,-28.20345448,18.15487837
2009,3,4.649030227,1.5,26.2839209,-19.44623337,28.43935378
2009,4,4.940213845,1.5,23.2911367,-23.57520537,25.14098118
2009,5,5.167049645,1.5,33.13592002,-13.67927724,35.15877002
2009,6,5.314117911,1.5,14.87502336,-30.75471083,17.49468556
2009,7,5.371424126,1.5,24.40107845,-19.03265042,27.9261474
2009,8,5.335847832,1.5,13.22092048,-27.18999946,17.79502813
2009,9,5.211446276,1.5,5.698356685,-31.09115741,11.26564335
2009,10,5.008566239,1.5,12.97163098,-19.85167353,19.26068007
2009,11,4.742053281,1.5,0.309586549,-28.46140485,6.837482519
2009,12,4.4290527,1.5,0.036792494,-24.83864792,6.133233695
2009,13,4.086908108,1.5,0.132730733,-21.21188394,4.982403043
2009,14,3.731518604,1.5,4.115649782,-14.2201204,6.815489062
2009,15,3.376308517,1.5,-1.831148127,-17.77537192,-2.204472772
2009,16,3.031783902,1.5,9.485923243,-4.711689517,5.167968884
2009,17,2.705543079,1.5,-0.212937075,-13.26903416,-9.224348949
2009,18,2.402575901,1.5,9.160079361,-3.258371343,-5.107502696
2009,19,2.125704103,1.5,11.503134,-0.630353283,-8.346399446
2009,20,1.876055214,1.5,8.356621901,-3.659191838,-17.1298973
2009,21,1.653504679,1.5,14.38203672,2.517499338,-16.51188927
2009,22,1.457054546,1.5,15.78627482,4.30297264,-20.00825347
2009,23,1.285139599,1.5,25.89367985,15.19376272,-14.04561338
2009,24,1.135864579,1.5,30.22259398,20.83871947,-12.90342279
2009,25,1.007181868,1.5,17.78639562,10.32616072,-27.4278562
2009,26,0.897020558,1.5,27.34741874,22.42875402,-18.78788
2009,27,0.80337717,1.5,21.20262533,19.38580204,-24.69381627
2009,28,0.724376879,1.5,9.9044526,11.62667574,-34.67464244
2009,29,0.658312434,1.5,13.55213434,19.07050952,-28.7789021
2009,30,0.603666636,1.5,16.86273517,26.21071924,-22.49065723
2009,31,0.559123023,1.5,12.37634343,25.33767508,-23.50714299
2009,32,0.523568564,1.5,-3.352961948,12.74968847,-35.52796113
2009,33,0.496091407,1.5,9.317789038,27.84879745,-19.15932493
2009,34,0.475976171,1.5,7.805177902,27.84548304,-17.20922289
2009,35,0.462698743,1.5,1.836547631,22.31324239,-20.13257676
2009,36,0.455922154,1.5,-0.535226391,19.21673829,-20.00267871
2009,37,0.455494703,1.5,13.34845778,31.20019147,-4.222246708
2009,38,0.448927209,1.5,4.33182823,19.16959486,-11.94052751
2009,39,0.458760754,1.5,6.697133087,17.5413268,-8.80387971
2009,40,0.485112819,1.2,3.661803416,9.72973669,-11.46727545
2009,41,0.529672103,1.2,5.38460454,6.138705683,-9.601731163
2009,42,0.595755068,1.2,7.39122074,2.568830329,-7.486034294
2009,43,0.688549575,1.2,15.62937557,5.251852055,1.028841052
2009,44,0.815524916,1.2,26.87574342,11.23629908,12.90657941
2009,45,0.986987949,1.2,30.57471575,10.20616118,17.74543308
2009,46,1.216737833,1.2,30.6383815,6.263612163,19.56219188
2009,47,1.522703297,1.2,29.44365551,1.913128206,20.77754374
2009,48,1.927315252,1.2,21.09392445,-8.684573758,15.47123202
2009,49,2.457151578,1.2,14.69915828,-16.4342232,12.66154641
2009,50,3.141090022,1.2,17.05831608,-14.61937224,18.99306661
2009,51,4.00589464,1.2,4.031351885,-27.52055485,10.11954871
2009,52,5.068088136,1.2,11.65955195,-19.2803701,21.83979787
2010,1,6.321643215,1.2,18.64352055,-11.40744326,32.59455971
2010,2,7.723170359,1.2,8.338839746,-20.76080095,25.48288178
2010,3,9.180161043,1.2,10.95249094,-17.33329218,30.47930238
2010,4,10.55188192,1.2,6.344512847,-21.43131295,27.25460047
2010,5,11.67213467,1.2,-0.803138161,-28.4904663,20.3604677
2010,6,12.39323788,1.2,11.83977467,-16.23818588,32.06706964
2010,7,12.63369349,1.2,3.594983676,-25.34491925,21.71189743
2010,8,12.40278987,1.2,0.735410929,-29.46472798,15.65905222
2010,9,11.78768698,1.2,8.216689348,-23.50993711,19.02433136
2010,10,10.91398394,1.2,2.954482501,-30.38534108,8.940613482
2010,11,9.904838359,1.2,17.75762488,-17.07096515,18.4745489
2010,12,8.856398731,1.2,18.80076256,-17.16834872,14.07959729
2010,13,7.831681713,1.2,17.09505821,-19.4501721,7.045600726
2010,14,6.865783053,1.2,18.50712442,-17.8613247,3.496805926
2010,15,5.974734405,1.2,27.03958308,-8.256302167,7.653461336
2010,16,5.163505249,1.2,17.66445399,-15.58018262,-5.350246584
2010,17,4.431612876,1.2,17.83307864,-12.36822962,-7.966949448
2010,18,3.776401598,1.2,23.82536125,-2.400498194,-3.891905115
2010,19,3.194604048,1.2,17.66427282,-3.785133607,-11.14753016
2010,20,2.682838492,1.2,22.17839246,6.112267225,-7.014008448
2010,21,2.237564003,1.2,13.80741214,3.487517566,-15.21167196
2010,22,1.854855441,1.2,17.87023285,13.38346955,-10.61659202
2010,23,1.530217343,1.2,11.5624175,12.70773922,-16.24403381
2010,24,1.258539507,1.2,-4.621634287,1.676224496,-31.8060603
2010,25,1.034209882,1.2,-2.0130466,8.709399988,-28.81628556
2010,26,0.851344507,1.2,9.841509834,24.06055805,-16.96259254
2010,27,0.70406964,1.2,6.453996362,23.10435717,-20.81944051
2010,28,0.586792805,1.2,-1.41823404,16.53287995,-29.65254732
2010,29,0.49441788,1.2,-2.085375712,16.04616917,-31.72896728
2010,30,0.422483635,1.2,11.74428279,29.01906884,-19.65072878
2010,31,0.367226664,1.2,4.992063378,20.52047565,-28.33591931
2010,32,0.325583648,1.2,20.86813196,33.95901301,-14.37320078
2010,33,0.295153911,1.2,23.62210872,33.81613688,-13.2887432
2010,34,0.274143131,1.2,10.24680102,17.32990848,-27.86234098
2010,35,0.261305678,1.2,15.66602774,19.66209438,-22.96005313
2010,36,0.255898845,1.2,15.43359418,16.57740354,-22.85456133
2010,37,0.257658797,1.2,26.08043685,24.77354279,-10.89457057
2010,38,0.26718074,1.2,16.52509538,13.27868079,-18.10666991
2010,39,0.284511545,1.2,12.19597117,7.565863146,-19.08012074
2010,40,0.310992943,1.4,31.0782194,25.5978674,4.078904639
2010,41,0.3486672,1.4,23.92851141,18.04588148,1.967004631
2010,42,0.400479492,1.4,20.41317437,14.43715252,4.032282235
2010,43,0.470556903,1.4,10.15545502,4.21651613,-0.362974206
2010,44,0.564578721,1.4,10.52667453,4.555331619,5.86784513
2010,45,0.690246363,1.4,10.99330376,4.718311243,11.90373373
2010,46,0.857843028,1.4,-0.768222896,-7.801648749,5.152146892
2010,47,1.080832663,1.4,3.381574021,-5.011840144,13.52187267
2010,48,1.376369502,1.4,4.0064682,-6.443028824,17.40096677
2010,49,1.765454212,1.4,11.55039738,-1.682552728,27.12483554
2010,50,2.272266352,1.4,7.093332433,-9.61282932,23.7388525
2010,51,2.921941262,1.4,11.86009794,-8.902838663,28.50792575
2010,52,3.735841402,1.4,8.355755768,-16.87898683,24.04659637
2011,1,4.723458854,1.4,4.746244684,-25.15616847,18.68883501
2011,2,5.87095317,1.4,11.49343449,-23.01891849,23.10763409
2011,3,7.12850984,1.4,7.734854786,-31.06105743,16.67598036
2011,4,8.4021291,1.4,23.31143476,-19.17888746,29.47414182
2011,5,9.55828006,1.4,27.88111259,-17.47833736,31.38286352
2011,6,10.448034,1.4,21.95458117,-25.25805796,23.1004661
2011,7,10.9475296,1.4,18.05201417,-29.86804838,17.28426354
2011,8,10.99783075,1.4,28.23960924,-19.18369053,26.07642229
2011,9,10.62211188,1.4,22.51971215,-23.2205402,19.48891488
2011,10,9.910611165,1.4,18.16566715,-24.79831464,14.73913186
2011,11,8.984612306,1.4,23.38943304,-15.86613006,19.92410439
2011,12,7.960644243,1.4,11.24371596,-23.58783153,7.93450306
2011,13,6.929170123,1.4,17.88661449,-12.06046285,14.73537485
2011,14,5.949232612,1.4,5.100801324,-19.77525818,1.90424819
2011,15,5.053034425,1.4,8.753031365,-11.13701497,5.110759652
2011,16,4.253893733,1.4,9.259675899,-5.977903352,4.60176169
2011,17,3.553612535,1.4,-3.174276199,-14.29998235,-9.542343251
2011,18,2.947823354,1.4,4.994138829,-2.711058751,-3.844661256
2011,19,2.429309286,1.4,2.791474895,-2.269196016,-9.27754811
2011,20,1.989814814,1.4,7.889182907,4.68276771,-8.09837422
2011,21,1.620912142,1.4,2.44562296,0.357396868,-18.01059075
2011,22,1.314361794,1.4,8.390281507,6.799229889,-16.88838003
2011,23,1.062252274,1.4,18.52587,16.97411171,-11.68850557
2011,24,0.85707504,1.4,15.36317232,13.58727734,-19.63335436
2011,25,0.691800309,1.4,21.41449536,19.35750028,-17.93784142
2011,26,0.55996451,1.4,18.60879725,16.41205268,-24.41541443
2011,27,0.455754728,1.4,16.4139845,14.38971148,-29.37590994
2011,28,0.374070443,1.4,22.63086043,21.21795966,-24.84909979
2011,29,0.31054943,1.4,16.86696452,16.57407026,-31.12422886
2011,30,0.261554893,1.4,9.473796398,10.8146743,-37.82093433
2011,31,0.224129773,1.4,26.96380823,30.39086875,-18.47448295
2011,32,0.195929191,1.4,13.66176471,19.503644,-28.88054196
2011,33,0.17514314,1.4,7.429063734,15.83789656,-31.36121501
2011,34,0.160420101,1.4,18.69839548,29.61159719,-15.71577217
2011,35,0.150799559,1.4,10.76420037,23.88435516,-18.91183488
2011,36,0.145658774,1.4,5.110734138,19.9056579,-19.73674012
2011,37,0.144677202,1.4,4.917646879,20.64098392,-15.27089177
2011,38,0.149313405,1.4,1.983537062,17.71450524,-13.94439061
2011,39,0.157777121,1.4,8.153424994,22.85269106,-4.09264119
2011,40,0.170635927,1.4,6.69543219,19.27271623,-2.567043085
2011,41,0.188750083,1.4,-4.8491715,4.538820767,-11.87763379
2011,42,0.213346155,1.4,7.05628622,12.28489718,1.530579235
2011,43,0.246118342,1.4,11.07998292,11.34488614,6.409162068
2011,44,0.289362746,1.4,13.41298328,8.132856347,9.087532647
2011,45,0.346149111,1.4,0.82320537,-10.31901045,-3.487822717
2011,46,0.420531459,1.4,14.64578163,-2.389410856,10.218906
2011,47,0.51779195,1.4,28.36009523,5.687984685,23.89000083
2011,48,0.6446982,1.4,24.62390254,-3.162516337,20.36839032
2011,49,0.809729736,1.4,13.62621992,-18.52520763,9.992254371
2011,50,1.02319006,1.4,14.61213622,-20.98433281,12.10480334
2011,51,1.297064656,1.4,25.3050979,-12.71333514,24.4660838
2011,52,1.644415913,1.4,21.06637043,-18.3213722,22.40743141
2012,1,2.078041405,1.4,25.07533687,-14.67296971,29.01268288
2012,2,2.608106788,1.4,19.45626485,-19.75522408,26.2517246
2012,3,3.238578654,1.4,15.68912239,-22.25551668,25.40340424
2012,4,3.962632485,1.4,13.30649312,-22.84868796,25.76884793
2012,5,4.757869297,1.4,10.37519634,-23.69643579,25.17241157
2012,6,5.58304662,1.4,0.643591448,-31.27958308,17.12961608
2012,7,6.378686723,1.4,16.69423816,-13.22528519,34.01999321
2012,8,7.073602978,1.4,-3.477829931,-31.71063127,13.68338691
2012,9,7.59744028,1.4,2.928318966,-24.05463924,18.82771197
2012,10,7.896129708,1.4,0.566031069,-25.66193528,14.08488277
2012,11,7.944594807,1.4,13.38307637,-12.57654018,23.45649524
2012,12,7.751417398,1.4,11.26250494,-14.84275371,16.95227894
2012,13,7.353871982,1.4,5.783445579,-20.75187919,6.342586349
2012,14,6.806322445,1.4,12.39734488,-14.6786349,7.321084549
2012,15,6.167274766,1.4,20.10342582,-7.422379464,9.162534919
2012,16,5.489420961,1.4,28.25581436,0.58073537,11.50956204
2012,17,4.814356261,1.4,21.03946975,-6.286518073,-1.172775201
2012,18,4.171376335,1.4,16.21813571,-10.09389556,-10.86963286
2012,19,3.578786942,1.4,17.70335908,-6.81157759,-13.46550937
2012,20,3.046243359,1.4,33.02739206,11.14977598,-1.285546761
2012,21,2.577160071,1.4,12.17909084,-6.232936573,-24.26873721
2012,22,2.170744891,1.4,36.5386638,22.33743253,-1.036455383
2012,23,1.823547481,1.4,17.98350035,8.588075021,-19.78384935
2012,24,1.530573883,1.4,14.51726275,10.31501587,-22.64218111
2012,25,1.286067166,1.4,14.75593863,15.88381966,-21.17917804
2012,26,1.084047768,1.4,15.73220972,22.05237355,-18.57722051
2012,27,0.918682975,1.4,9.839960951,20.9360555,-22.66904254
2012,28,0.784532008,1.4,-3.799558981,11.39509099,-34.55113008
2012,29,0.676697423,1.4,5.997113494,24.38938068,-23.22952306
2012,30,0.590904983,1.4,5.470623582,25.99056703,-22.60824429
2012,31,0.523530145,1.4,6.331550914,27.80759164,-21.06409617
2012,32,0.471587368,1.4,-1.466185415,19.76754949,-28.66601381
2012,33,0.432696848,1.4,-6.720754217,13.12174272,-34.16906906
2012,34,0.405041429,1.4,5.619316145,23.04280826,-22.4172501
2012,35,0.387324241,1.4,5.114891956,19.27418435,-23.69375309
2012,36,0.378735476,1.4,8.868348184,19.14711959,-20.70358558
2012,37,0.378935009,1.4,10.81584072,16.85429423,-19.29941783
2012,38,0.380914426,1.4,16.26332589,17.96520817,-13.96553498
2012,39,0.395320116,1.4,18.92213366,16.44086988,-10.80236567
2012,40,0.423300609,1.1,26.05188254,19.75731805,-2.402066565
2012,41,0.467155289,1.1,27.83051531,18.25936876,1.506216909
2012,42,0.530576719,1.1,18.91657324,6.711052507,-4.392136348
2012,43,0.619030357,1.1,20.50067521,6.340674689,1.048981581
2012,44,0.740292631,1.1,22.24352844,6.778332021,7.375119909
2012,45,0.905160732,1.1,25.19366926,8.979086082,15.4556727
2012,46,1.128317659,1.1,15.24356092,-1.310079489,10.95208241
2012,47,1.429263144,1.1,4.140554732,-12.52397199,5.345371315
2012,48,1.833071852,1.1,10.93603151,-5.811594975,17.4049608
2012,49,2.370472137,1.1,6.595422199,-10.40614995,17.8198564
2012,50,3.076320743,1.1,13.9581322,-3.645342055,29.17947387
2012,51,3.985028428,1.1,5.385234927,-13.30583765,23.64024191
2012,52,5.121139939,1.1,-0.086422963,-20.43478086,20.0950589
2013,1,6.483797712,1.1,1.0341623,-21.56175679,21.96220207
2013,2,8.026429512,1.1,1.733340999,-23.65352685,22.2313506
2013,3,9.638657797,1.1,6.956317654,-21.65240179,25.92584633
2013,4,11.14448507,1.1,9.263616407,-22.82748449,25.75195068
2013,5,12.33212999,1.1,15.70626744,-19.91239396,28.96147906
2013,6,13.01659807,1.1,15.63161551,-23.31650071,25.14077737
2013,7,13.1080736,1.1,15.01393692,-26.81406408,20.52164704
2013,8,12.64320751,1.1,14.63597819,-29.38350115,16.14198791
2013,9,11.75838744,1.1,24.46876448,-20.84768806,22.20525952
2013,10,10.62744257,1.1,22.2383387,-23.32493501,16.62912299
2013,11,9.405204417,1.1,23.91376555,-20.75480002,15.51910395
2013,12,8.200328787,1.1,28.12193136,-14.49203362,17.57399193
2013,13,7.074605126,1.1,30.15684606,-9.300194594,18.09144571
2013,14,6.055022095,1.1,14.7112769,-20.61684087,1.701911816
2013,15,5.147540333,1.1,25.23706919,-5.184183897,11.7369808
2013,16,4.347649628,1.1,9.880026812,-15.10006722,-3.822665037
2013,17,3.646910071,1.1,12.63996452,-6.639818965,-1.170246568
2013,18,3.03632751,1.1,9.657467944,-3.948934705,-4.366765186
2013,19,2.507688295,1.1,4.774738157,-3.460911027,-9.760065653
2013,20,2.053765754,1.1,11.3220336,7.909523104,-4.179313546
2013,21,1.668024355,1.1,-0.021719886,0.644674199,-17.0579722
2013,22,1.344210812,1.1,6.319202794,10.18555766,-12.87335471
2013,23,1.076045686,1.1,3.537257371,9.660155156,-18.41955473
2013,24,0.857100784,1.1,0.326825183,7.771061288,-24.92093349
2013,25,0.680858127,1.1,13.11544022,21.02312436,-15.80554169
2013,26,0.540893098,1.1,-0.838678193,6.811699957,-33.61784211
2013,27,0.431105461,1.1,9.820226508,16.67535455,-26.76688158
2013,28,0.345930475,1.1,7.638315162,13.3709476,-32.45197102
2013,29,0.280486861,1.1,19.01316712,23.51476039,-24.02219419
2013,30,0.230646383,1.1,21.63405723,25.00249735,-23.55691034
2013,31,0.193032097,1.1,16.37102541,18.87942848,-29.99597447
2013,32,0.164964797,1.1,26.11499166,28.16454626,-20.31579692
2013,33,0.144380467,1.1,17.75837684,19.81956195,-27.56041387
2013,34,0.129738714,1.1,25.44337018,27.99087613,-17.59943324
2013,35,0.119936787,1.1,21.78833413,25.23555226,-17.90182822
2013,36,0.114238285,1.1,21.98550253,26.62448681,-13.43238833
2013,37,0.112221668,1.1,11.06974503,17.02208243,-19.3715271
2013,38,0.111270521,1.1,13.35865332,20.54174875,-11.65912927
2013,39,0.114821905,1.1,7.697486306,15.80945094,-11.73022687
2013,40,0.123223317,1,0.049298589,8.574039398,-13.90378212
2013,41,0.137352777,1,6.012820491,14.24519813,-2.843752553
2013,42,0.158749029,1,12.62855897,19.71775703,8.266292723
2013,43,0.189841933,1,-0.189744251,4.817933759,-0.829444594
2013,44,0.234318293,1,2.182793426,4.151310937,4.390178409
2013,45,0.297674843,1,7.588687577,5.613797223,11.7354354
2013,46,0.388027124,1,6.031963253,-0.666048278,11.24930104
2013,47,0.517253579,1,17.88152648,5.868870515,23.40458266
2013,48,0.702541054,1,14.57102356,-3.108783858,19.79217595
2013,49,0.968323065,1,25.39138834,1.964629351,29.8976663
2013,50,1.348391967,1,18.36274551,-10.60440587,21.95432945
2013,51,1.887496392,1,13.47647325,-20.54579168,16.16496708
2013,52,2.640843139,1,23.26144505,-15.08036395,25.24833836
2014,1,3.668522795,1,17.85188189,-23.87061092,19.48932004
2014,2,5.020344685,1,17.95893916,-26.06390721,19.69643822
2014,3,6.706545199,1,21.72227192,-23.45080202,24.04422169
2014,4,8.655094255,1,26.19784338,-18.98129473,29.55743442
2014,5,10.67131427,1,21.38606041,-22.73469554,26.14158205
2014,6,12.43698232,1,21.31175496,-20.83174325,27.67101502
2014,7,13.58963558,1,19.03521741,-20.4104587,27.01314657
2014,8,13.87297214,1,10.69291282,-25.56822216,20.08629627
2014,9,13.26447137,1,-3.243025894,-36.08244098,7.138794046
2014,10,11.97398889,1,10.32107812,-19.10387827,21.05527695
2014,11,10.31913555,1,15.32296442,-10.91413542,25.59869174
2014,12,8.586967605,1,3.625032749,-19.82753219,12.50776657
2014,13,6.965805565,1,-3.769183584,-24.96105264,2.726293423
2014,14,5.546435259,1,1.684133922,-17.82668219,4.809906796
2014,15,4.353148187,1,0.166396926,-18.23135216,-0.974844617
2014,16,3.374895467,1,6.637231112,-11.13953902,0.485833877
2014,17,2.586242287,1,12.7522946,-4.764328858,1.060779734
2014,18,1.958582855,1,16.53669531,-0.907759664,-0.967660924
2014,19,1.465005506,1,16.28036282,-1.082884454,-7.026924101
2014,20,1.081801762,1,13.15684811,-3.914568264,-15.6562705
2014,21,0.788525751,1,24.20746869,7.824597127,-9.543945655
2014,22,0.567616195,1,28.59410557,13.44830547,-9.294394719
2014,23,0.404021817,1,34.0754768,20.81693158,-6.969057928
2014,24,0.284952013,1,20.48220686,9.801014691,-22.62402464
2014,25,0.199724623,1,24.61484107,17.17300165,-19.41935763
2014,26,0.139638877,1,26.72589054,23.0889067,-17.13841516
2014,27,0.097816433,1,18.03325355,18.60730694,-24.6697375
2014,28,0.068989545,1,18.62301459,23.60324115,-22.09391755
2014,29,0.049247541,1,14.20102383,23.53551138,-23.91694467
2014,30,0.035769202,1,9.575974044,22.9488071,-25.56859274
2014,31,0.026569475,1,8.442509961,25.2776044,-23.59889253
2014,32,0.020280316,1,10.23150168,29.71723777,-18.8072853
2014,33,0.015974371,1,5.900901189,27.03382383,-20.43277505
2014,34,0.013031254,1,0.746275464,22.39053202,-23.32758337
2014,35,0.01104083,1,-8.060935493,12.89692795,-30.40758214
2014,36,0.009735982,1,0.055202296,19.14309258,-21.1178043
2014,37,0.008947498,1,5.580916414,21.70486457,-14.92669066
2014,38,0.009000198,1,-4.623011903,7.601525302,-24.86776066
2014,39,0.009300095,1,21.69893426,29.30392908,1.469285966
2014,40,0.009860188,1.2,6.094415448,8.615381021,-14.17967193
2014,41,0.010712636,1.2,10.58305675,7.831821761,-9.592011277
2014,42,0.011910615,1.2,26.23801891,18.30228642,6.503160808
2014,43,0.013532221,1.2,10.05993137,-2.717999601,-8.720760332
2014,44,0.015686512,1.2,26.08807669,9.024725633,8.905659877
2014,45,0.018521981,1.2,21.26278289,0.62986647,6.396227896
2014,46,0.022237788,1.2,25.00904363,1.615604857,13.18350259
2014,47,0.027098166,1.2,26.0451987,0.722740167,17.92388072
2014,48,0.033450237,1.2,15.05627374,-11.41080256,11.1733331
2014,49,0.04174521,1.2,13.93482754,-13.00209117,14.63647835
2014,50,0.052562304,1.2,-0.282306236,-27.17418314,5.116725465
2014,51,0.066633761,1.2,6.991765301,-19.53393209,16.9395371
2014,52,0.084867772,1.2,10.89416766,-15.15268563,24.97271642
2014,53,0.108364067,1.2,9.053208305,-16.60514374,26.58843395
2015,1,0.138414351,1.2,14.74448273,-10.79374008,34.83961922
2015,2,0.176477024,1.2,3.722424788,-22.09994126,25.30931091
2015,3,0.22411348,1.2,5.318623429,-21.27262137,27.22279866
2015,4,0.282872833,1.2,3.819915347,-24.04165295,24.834408
2015,5,0.35411487,1.2,2.264542079,-27.31915063,21.22648665
2015,6,0.438769068,1.2,10.39716988,-21.24780566,26.26115043
2015,7,0.537041918,1.2,11.46383259,-22.41498031,23.36611906
2015,8,0.648105069,1.2,12.60562803,-23.47297488,19.91422966
2015,9,0.769819707,1.2,10.78505987,-27.23039777,13.13170096
2015,10,0.898571186,1.2,17.40813801,-22.05002546,14.69976671
2015,11,1.02929257,1.2,23.87319817,-16.32049677,16.28234107
2015,12,1.155737037,1.2,25.11718578,-14.92934904,13.05221794
2015,13,1.27101317,1.2,20.35264605,-18.5425033,4.410707993
2015,14,1.368330886,1.2,19.62642038,-17.05778254,0.533142389
2015,15,1.441837986,1.2,24.89975866,-8.531693409,3.441026734
2015,16,1.487383769,1.2,26.15549294,-3.073211393,3.107120995
2015,17,1.503047934,1.2,19.42320313,-4.813521786,-4.515490612
2015,18,1.48932446,1.2,14.66698899,-4.007493968,-9.59609986
2015,19,1.448935367,1.2,8.972517264,-3.83108725,-15.22502538
2015,20,1.386337775,1.2,8.390104854,1.480802369,-15.55270533
2015,21,1.307050056,1.2,0.395756527,-0.883593927,-23.30886226
2015,22,1.216942801,1.2,2.084329858,5.901498175,-21.58928079
2015,23,1.121619756,1.2,9.634672322,17.78425839,-14.37208654
2015,24,1.025967954,1.2,8.672036543,20.21426404,-16.13982605
2015,25,0.933904272,1.2,-1.253791863,12.63268861,-27.39025565
2015,26,0.848302719,1.2,4.977699118,20.12508051,-22.98445131
2015,27,0.771060625,1.2,5.861593172,21.22578945,-24.34315862
2015,28,0.703252755,1.2,-0.575779449,14.06920394,-33.29620871
2015,29,0.645326278,1.2,14.45903086,27.61465805,-20.85813196
2015,30,0.597300666,1.2,3.729677085,14.83397402,-34.04099566
2015,31,0.558949925,1.2,9.919599512,18.64226419,-29.92383642
2015,32,0.529956704,1.2,23.73974063,29.98522741,-17.56544892
2015,33,0.510036964,1.2,18.15460209,22.04488797,-23.79858159
2015,34,0.499039853,1.2,21.22325247,23.06210918,-20.4072081
2015,35,0.497030612,1.2,14.85562395,15.07778364,-25.3849758
2015,36,0.504365644,1.2,15.52891889,14.63879349,-22.22874291
2015,37,0.528975241,1.2,23.53030201,22.03578987,-10.70016273
2015,38,0.56276136,1.2,19.15376228,17.50107647,-10.6270392
2015,39,0.607302621,1.2,14.7265834,13.24193056,-9.869131323
2015,40,0.66461378,1.2,8.275192933,7.118529103,-10.63925186
2015,41,0.737238241,1.2,6.556121984,5.691163467,-6.454990679
2015,42,0.828348457,1.2,19.40128631,18.58454846,12.22672728
2015,43,0.941847124,1.2,5.085698534,3.875692357,3.39869976
2015,44,1.082454975,1.2,8.616166931,6.402142102,11.81291753
2015,45,1.255760212,1.2,7.396354913,3.444285727,14.66411149
2015,46,1.468189686,1.2,6.817604451,0.329615858,17.19526232
2015,47,1.726842921,1.2,4.850033768,-4.967714626,17.29838571
2015,48,2.039109424,1.2,-1.698252039,-15.56496516,11.77765468
2015,49,2.411973896,1.2,1.416159095,-17.07678569,14.94456445
2015,50,2.85091575,1.2,12.67289472,-10.8233867,25.41083686
2015,51,3.35834948,1.2,5.1714049,-23.46106649,16.45888339
2015,52,3.931656528,1.2,17.25680252,-16.3744073,26.65050066
2016,1,4.561046596,1.2,14.7205713,-23.49602027,22.00790561
2016,2,5.227744254,1.2,17.79488753,-24.33339998,22.98753811
2016,3,5.903247511,1.2,17.66415353,-27.47753306,20.97197705
2016,4,6.55048779,1.2,21.55908907,-25.52623998,23.34698314
2016,5,7.127436447,1.2,27.37334516,-20.48083549,28.10507731
2016,6,7.59295612,1.2,24.69009473,-22.72754961,24.86420943
2016,7,7.913677526,1.2,19.89730595,-25.92433907,19.98088602
2016,8,8.069914974,1.2,23.36707093,-19.81754777,23.73329945
2016,9,8.058690195,1.2,24.74623047,-14.94151613,25.62136151
2016,10,7.892957647,1.2,13.59075138,-21.96950453,15.01528179
2016,11,7.597594599,1.2,13.07883802,-17.98218158,14.88644687
2016,12,7.203797371,1.2,9.413326147,-17.04466986,11.22961738
2016,13,6.743700384,1.2,0.849022795,-21.15820268,2.110399945
2016,14,6.246437889,1.2,-0.564726784,-18.49786146,-0.573462544
2016,15,5.736020599,1.2,12.75117437,-1.66060975,10.65881555
2016,16,5.230758295,1.2,7.474643619,-4.083798174,2.451426562
2016,17,4.7436858,1.2,7.533511664,-1.886985337,-1.231037712
2016,18,4.283465937,1.2,6.090972876,-1.885301573,-7.118173996
2016,19,3.855394989,1.2,9.955970232,2.816162532,-8.229400431
2016,20,3.462304417,1.2,10.92635173,4.155225712,-12.5423334
2016,21,3.105280217,1.2,13.25440147,6.563259788,-15.54337402
2016,22,2.784197464,1.2,17.03510439,10.33526873,-16.85882539
2016,23,2.49810259,1.2,13.49277527,6.896614182,-24.98931183
2016,24,2.245484847,1.2,32.70993505,26.51199556,-9.601875671
2016,25,2.024473818,1.2,26.22163002,20.86160317,-18.9548171
2016,26,1.832990256,1.2,21.68567293,17.69649828,-25.24320896
2016,27,1.6688677,1.2,28.8962938,26.84200119,-18.5962924
2016,28,1.529954555,1.2,18.75521346,19.16400164,-28.11182743
2016,29,1.414201278,1.2,28.75590508,32.05439053,-16.37119008
2016,30,1.319734737,1.2,15.9286737,22.38317102,-26.48765027
2016,31,1.244921016,1.2,3.579576768,13.24970038,-35.3553732
2016,32,1.188418249,1.2,19.10938229,31.81823665,-15.81396701
2016,33,1.149221786,1.2,15.11176209,30.43559865,-15.53076651
2016,34,1.126704662,1.2,3.040674574,20.31925702,-23.31253623
2016,35,1.120656818,1.2,-2.163758853,16.20341334,-24.45903867
2016,36,1.131326485,1.2,-5.623466815,12.80877442,-24.29276595
2016,37,1.143207373,1.2,1.663451924,19.04267615,-13.95818747
2016,38,1.17667576,1.2,-5.857813539,9.327825038,-19.09225468
2016,39,1.233654249,1.2,0.361140203,12.26574482,-11.16008657
2016,40,1.316999382,1.3,7.096589369,14.75887081,-3.331905738
2016,41,1.430632279,1.3,12.96930623,15.6187133,3.126182021
2016,42,1.579658518,1.3,7.368788848,4.476414345,-2.236126322
2016,43,1.77044836,1.3,13.75683909,5.068559222,4.233665364
2016,44,2.010623202,1.3,18.43971128,3.988927155,9.043826411
2016,45,2.308859781,1.3,28.19791196,8.296943772,19.16809585
2016,46,2.674381683,1.3,16.69110637,-8.097948592,8.431299291
2016,47,3.115967038,1.3,14.62620407,-14.28623974,7.660631155
2016,48,3.640284628,1.3,13.76871222,-18.36105232,8.684151469
2016,49,4.24942144,1.3,25.2800421,-9.089766171,22.66030821
2016,50,4.937646865,1.3,20.90279571,-14.7318289,21.26120581
2016,51,5.687834099,1.3,23.0729339,-12.92363205,26.78872476
2016,52,6.468523013,1.3,15.99265798,-19.5969112,23.25701962
2017,1,7.23318349,1.3,15.83441082,-18.76103807,26.61101403
2017,2,7.923397862,1.3,12.08872255,-21.13767237,26.09241383
2017,3,8.476875108,1.3,8.355698514,-23.3494852,25.05151666
2017,4,8.839233676,1.3,2.795772183,-27.44903003,21.4187342
2017,5,8.976086346,1.3,10.49205854,-18.53716944,30.08641323
2017,6,8.880789502,1.3,1.169406168,-27.0276009,20.64440875
2017,7,8.574627425,1.3,6.376292799,-21.45273662,24.57415232
2017,8,8.099670921,1.3,4.550960427,-23.39058173,20.32157255
2017,9,7.507766129,1.3,14.1038857,-14.38110736,26.38037382
2017,10,6.85001746,1.3,10.8799985,-18.46880023,18.74899675
2017,11,6.169685223,1.3,8.242585132,-22.12904127,11.00361506
2017,12,5.49916712,1.3,12.75163747,-18.6046695,9.960821666
2017,13,4.860134493,1.3,15.05429225,-17.03380884,6.548937235
2017,14,4.265385571,1.3,7.883618593,-24.47113321,-6.214221589
2017,15,3.721215864,1.3,29.03095145,-2.935650794,9.729818979
2017,16,3.229590395,1.3,27.43229494,-3.342752089,3.547014513
2017,17,2.789823433,1.3,19.07896488,-9.608758786,-8.594929889
2017,18,2.399732961,1.3,24.78399305,-0.895129171,-5.771987486
2017,19,2.056359504,1.3,23.21130787,1.415631659,-9.280963771
2017,20,1.756373737,1.3,14.7055372,-2.449324975,-18.81004002
2017,21,1.49628809,1.3,25.56390368,13.62556392,-8.161249806
2017,22,1.272561473,1.3,14.18616269,7.806495273,-19.08945558
2017,23,1.081657244,1.3,13.45331069,12.705724,-18.90807306
2017,24,0.920089076,1.3,11.70698566,16.38074239,-19.49097322
2017,25,0.784469845,1.3,2.139458563,11.74548555,-27.86227537
2017,26,0.671565774,1.3,-0.392105254,13.40549051,-29.36208933
2017,27,0.578351156,1.3,3.3900739,20.43247039,-24.87273189
2017,28,0.502056983,1.3,5.90219052,25.09736798,-22.08634212
2017,29,0.440207941,1.3,3.622733628,23.80463028,-24.5711439
2017,30,0.390644987,1.3,7.838388622,27.84279628,-21.0212557
2017,31,0.351533678,1.3,7.772781855,26.51184542,-22.12959445
2017,32,0.321360805,1.3,11.19704968,27.72642457,-19.98475192
2017,33,0.298923274,1.3,4.210441512,17.78379611,-28.3029995
2017,34,0.283313742,1.3,17.51503418,27.62166121,-16.17026805
2017,35,0.273907372,1.3,12.99012712,19.37285683,-21.48710703
2017,36,0.270353706,1.3,17.08711882,19.73938803,-17.59416657
2017,37,0.262831646,1.3,20.82620962,19.96889276,-13.29511206
2017,38,0.264244216,1.3,14.34057299,10.38087729,-18.32964233
2017,39,0.274686432,1.3,22.50231239,15.97853594,-7.760808632
2017,40,0.295039809,1.4,20.37619708,11.89331915,-6.529482778
2017,41,0.327075915,1.4,17.74959323,7.911412935,-4.926825516
2017,42,0.373659993,1.4,16.63118226,5.974981625,-1.091918537
2017,43,0.43907463,1.4,23.15268789,12.09214663,10.89939629
2017,44,0.529489447,1.4,7.820149332,-3.398496407,1.300255583
2017,45,0.653602908,1.4,10.13318645,-1.191536005,9.330359367
2017,46,0.82346808,1.4,-3.903158239,-15.48347866,0.708484186
2017,47,1.055469043,1.4,2.716113206,-9.458129064,12.16833538
2017,48,1.371310167,1.4,1.794714637,-11.46882101,15.2775163
2017,49,1.798673909,1.4,10.96184119,-3.995371833,27.48172404
2017,50,2.370844842,1.4,-1.787320502,-19.09143959,16.65847597
2017,51,3.124072006,1.4,-0.72281276,-21.00882578,18.49380821
2017,52,4.090872552,1.4,-1.943965036,-25.76045563,16.92019981
2018,1,5.287341568,1.4,8.021319636,-19.7245556,25.51318943
2018,2,6.693884442,1.4,15.46734307,-16.40435691,30.73234448
2018,3,8.233087872,1.4,6.557812369,-29.39611396,18.95378394
2018,4,9.755975886,1.4,13.31342576,-26.42021614,22.43946844
2018,5,11.05431995,1.4,24.95888305,-17.99479741,30.66384749
2018,6,11.9113179,1.4,16.9580487,-28.42139218,19.32831146
2018,7,12.17800347,1.4,25.43595713,-21.38220229,24.7638821
2018,8,11.83296708,1.4,24.82385226,-22.31116334,21.55995375
2018,9,10.98413016,1.4,16.38305832,-29.88165532,11.07624338
2018,10,9.813604234,1.4,28.19109947,-16.02645898,21.42235269
2018,11,8.50713432,1.4,24.5099289,-16.56957582,16.82533149
2018,12,7.207703492,1.4,15.88405815,-21.12210361,7.733059528
2018,13,6.00298255,1.4,11.14631679,-21.06492498,2.830699813
2018,14,4.934433825,1.4,10.83018942,-16.12021508,2.468230145
2018,15,4.013059672,1.4,13.98698631,-7.514848806,5.495986194
2018,16,3.233175133,1.4,4.490253595,-11.65491046,-4.410971491
2018,17,2.581652964,1.4,-4.184199136,-15.32467386,-13.95301806
2018,18,2.043124405,1.4,3.007595082,-3.701538454,-8.222121119
2018,19,1.602449198,1.4,6.90061473,3.882593567,-6.464460675
2018,20,1.245638137,1.4,-2.594309269,-2.762763396,-18.78575695
2018,21,0.960040117,1.4,2.999567519,4.808878825,-16.65694639
2018,22,0.734267841,1.4,-0.189720666,2.765852572,-23.8305126
2018,23,0.558094753,1.4,8.835306628,12.21007019,-19.12990248
2018,24,0.42240369,1.4,10.31992268,13.54362157,-22.08401463
2018,25,0.319184959,1.4,13.71556324,16.41110122,-22.98587622
2018,26,0.241548842,1.4,13.59925264,15.60009415,-26.99306467
2018,27,0.183716966,1.4,15.6775137,17.02488588,-28.14479538
2018,28,0.140972398,1.4,25.56924705,26.48962348,-20.59943722
2018,29,0.109566697,1.4,23.03174544,23.89679051,-24.42658286
2018,30,0.08659543,1.4,22.06245609,23.33511782,-25.51954428
2018,31,0.069859242,1.4,6.57782822,8.749460487,-39.92573705
2018,32,0.057726653,1.4,15.09772497,18.62189618,-29.16569441
2018,33,0.049010241,1.4,23.40646153,28.63539997,-17.56935448
2018,34,0.042862524,1.4,15.11715798,22.24656938,-21.70314733
2018,35,0.038693456,1.4,8.318301778,17.34559029,-23.70969411
2018,36,0.03610856,1.4,9.25706705,19.95685585,-17.6067108
2018,37,0.035173834,1.4,15.29810624,27.21748489,-6.307877183
2018,38,0.035449147,1.4,9.345737089,21.81998318,-7.179436601
2018,39,0.036940476,1.4,9.884042745,22.07181766,-1.97976697
